timestamp,temperature,humidity,pressure,pioggia_3h,pioggia_presente
2026-02-19T17:06:41.051776,21.9,62.0,1005.7,0.0,ASSENTE
2026-02-19T17:06:43.056455,21.8,62.0,1005.7,0.0,ASSENTE
2026-02-19T17:06:45.060538,21.9,62.0,1005.7,0.0,ASSENTE
2026-02-19T17:06:47.062966,21.8,62.0,1005.7,0.0,ASSENTE
2026-02-19T17:06:49.064840,21.8,62.0,1005.7,0.0,ASSENTE
2026-02-19T17:06:51.065983,21.8,62.0,1005.7,0.0,ASSENTE
2026-02-19T17:06:53.068422,21.9,62.0,1005.7,0.0,ASSENTE
2026-02-19T17:06:55.077066,21.9,62.0,1005.7,0.0,ASSENTE
2026-02-19T17:06:57.090374,21.8,62.0,1005.7,0.0,ASSENTE
2026-02-19T17:06:59.130987,21.9,62.0,1005.7,0.0,ASSENTE
2026-02-19T17:07:01.159456,21.9,62.0,1005.7,0.0,ASSENTE
2026-02-19T17:07:03.186117,21.8,62.0,1005.7,0.0,ASSENTE
2026-02-19T17:07:05.217598,21.9,62.0,1005.7,0.0,ASSENTE
2026-02-19T17:07:07.245207,21.8,62.0,1005.7,0.0,ASSENTE
2026-02-19T17:07:09.267799,21.9,62.0,1005.7,0.0,ASSENTE
2026-02-19T17:07:11.300158,21.9,62.0,1005.7,0.0,ASSENTE
2026-02-19T17:07:13.323322,21.8,62.0,1005.7,0.0,ASSENTE
2026-02-19T17:07:15.355801,21.9,62.0,1005.7,0.0,ASSENTE
2026-02-19T17:07:17.371359,21.8,62.0,1005.7,0.0,ASSENTE
2026-02-19T17:18:25.458648,21.8,61.0,1005.7,0.0,ASSENTE
2026-02-19T17:18:27.475095,21.8,61.0,1005.7,0.0,ASSENTE
2026-02-19T17:18:29.477816,21.9,61.0,1005.7,0.0,ASSENTE
2026-02-19T17:18:31.480218,21.9,61.0,1005.7,0.0,ASSENTE
2026-02-19T17:18:33.482766,21.8,61.0,1005.7,0.0,ASSENTE
2026-02-19T17:18:35.485370,21.8,61.0,1005.7,0.0,ASSENTE
2026-02-19T17:18:37.510717,21.9,61.0,1005.7,0.0,ASSENTE
2026-02-19T17:18:39.512608,21.9,61.0,1005.7,0.0,ASSENTE
2026-02-19T17:18:41.513658,21.8,61.0,1005.7,0.0,ASSENTE
2026-02-19T17:18:43.540752,21.8,61.0,1005.7,0.0,ASSENTE
2026-02-19T17:18:45.565842,21.8,61.0,1005.7,0.0,ASSENTE
2026-02-19T17:18:47.595402,21.9,61.0,1005.7,0.0,ASSENTE
2026-02-19T17:18:49.622659,21.9,61.0,1005.7,0.0,ASSENTE
2026-02-19T17:18:51.653983,21.9,61.0,1005.7,0.0,ASSENTE
2026-02-19T17:18:53.681453,21.9,61.0,1005.7,0.0,ASSENTE
2026-02-19T17:18:55.708787,21.8,61.0,1005.7,0.0,ASSENTE
2026-02-19T17:18:57.735939,21.8,61.0,1005.7,0.0,ASSENTE
2026-02-19T17:18:59.761877,21.8,61.0,1005.7,0.0,ASSENTE
2026-02-19T17:19:01.791605,21.8,61.0,1005.7,0.0,ASSENTE
2026-02-19T17:19:03.817625,21.9,61.0,1005.7,0.0,ASSENTE
2026-02-19T17:19:05.845345,21.9,61.0,1005.7,0.0,ASSENTE
2026-02-19T17:19:07.866009,21.9,61.0,1005.7,0.0,ASSENTE
2026-02-19T17:19:09.900876,21.8,61.0,1005.7,0.0,ASSENTE
2026-02-19T17:19:11.915277,21.9,61.0,1005.7,0.0,ASSENTE
2026-02-19T17:19:13.955501,21.9,61.0,1005.7,0.0,ASSENTE
2026-02-19T17:19:15.982501,21.9,61.0,1005.7,0.0,ASSENTE
2026-02-19T17:19:18.010005,21.9,61.0,1005.7,0.0,ASSENTE
2026-02-19T17:19:20.037757,21.8,61.0,1005.7,0.0,ASSENTE
2026-02-19T17:19:22.064790,21.9,61.0,1005.7,0.0,ASSENTE
2026-02-19T17:19:24.085359,21.9,61.0,1005.7,0.0,ASSENTE
2026-02-19T17:19:26.280885,21.9,61.0,1005.7,0.0,ASSENTE
2026-02-19T17:19:28.289173,21.9,61.0,1005.7,0.0,ASSENTE
2026-02-19T17:19:30.291765,21.9,61.0,1005.7,0.0,ASSENTE
2026-02-19T17:19:32.294697,21.8,61.0,1005.7,0.0,ASSENTE
2026-02-19T17:19:34.297193,21.9,61.0,1005.7,0.0,ASSENTE
2026-02-19T17:19:36.299107,21.9,61.0,1005.7,0.0,ASSENTE
2026-02-19T17:19:38.300339,21.9,61.0,1005.7,0.0,ASSENTE
2026-02-19T17:19:40.315385,21.9,61.0,1005.7,0.0,ASSENTE
2026-02-19T17:19:42.342465,21.9,61.0,1005.7,0.0,ASSENTE
2026-02-19T17:19:44.366442,21.8,61.0,1005.7,0.0,ASSENTE
2026-02-19T17:19:46.397307,21.8,61.0,1005.7,0.0,ASSENTE
2026-02-19T17:19:48.424515,21.9,61.0,1005.7,0.0,ASSENTE
2026-02-19T17:19:50.452463,21.8,61.0,1005.7,0.0,ASSENTE
2026-02-19T17:19:52.479933,21.9,61.0,1005.7,0.0,ASSENTE
2026-02-19T17:22:49.767955,21.8,61.0,1005.7,0.0,ASSENTE
2026-02-19T17:22:51.769538,21.8,61.0,1005.7,0.0,ASSENTE
2026-02-19T17:22:53.772031,21.9,61.0,1005.7,0.0,ASSENTE
2026-02-19T17:22:55.774756,21.8,61.0,1005.7,0.0,ASSENTE
2026-02-19T17:22:57.777709,21.8,61.0,1005.7,0.0,ASSENTE
2026-02-19T17:22:59.779711,21.8,61.0,1005.7,0.0,ASSENTE
2026-02-19T17:23:01.780876,21.8,61.0,1005.7,0.0,ASSENTE
2026-02-19T17:25:40.521214,21.9,60.0,1005.7,0.0,ASSENTE
2026-02-19T17:25:42.525494,21.9,61.0,1005.7,0.0,ASSENTE
2026-02-19T17:25:44.527152,21.8,60.0,1005.7,0.0,ASSENTE
2026-02-19T17:25:46.529807,21.8,61.0,1005.7,0.0,ASSENTE
2026-02-19T17:25:48.532898,21.9,61.0,1005.7,0.0,ASSENTE
2026-02-19T17:25:50.534126,21.8,60.0,1005.7,0.0,ASSENTE
2026-02-19T17:25:52.535783,21.8,61.0,1005.7,0.0,ASSENTE
2026-02-19T17:25:54.557200,21.8,60.0,1005.7,0.0,ASSENTE
2026-02-19T17:25:56.569790,21.9,60.0,1005.7,0.0,ASSENTE
2026-02-19T17:25:58.604544,21.9,60.0,1005.7,0.0,ASSENTE
2026-02-19T17:26:00.638769,21.9,60.0,1005.7,0.0,ASSENTE
2026-02-19T17:26:02.666226,21.9,60.0,1005.7,0.0,ASSENTE
2026-02-19T17:26:04.694137,21.9,60.0,1005.7,0.0,ASSENTE
2026-02-19T17:26:06.721726,21.9,60.0,1005.7,0.0,ASSENTE
2026-02-19T17:26:08.743037,21.9,60.0,1005.7,0.0,ASSENTE
2026-02-19T17:26:10.774548,21.9,60.0,1005.7,0.0,ASSENTE
2026-02-19T17:26:12.790618,21.8,60.0,1005.7,0.0,ASSENTE
2026-02-19T17:26:14.831726,21.9,60.0,1005.7,0.0,ASSENTE
2026-02-19T17:26:16.847844,21.9,60.0,1005.7,0.0,ASSENTE
2026-02-19T17:26:18.880758,21.8,60.0,1005.7,0.0,ASSENTE
2026-02-19T17:26:20.912883,21.8,60.0,1005.7,0.0,ASSENTE
2026-02-19T17:26:22.940949,21.9,60.0,1005.7,0.0,ASSENTE
2026-02-19T17:26:24.961042,21.9,60.0,1005.7,0.0,ASSENTE
2026-02-19T17:26:26.993511,21.9,60.0,1005.7,0.0,ASSENTE
2026-02-19T17:26:29.011649,21.9,60.0,1005.7,0.0,ASSENTE
2026-02-19T17:26:31.042895,21.9,60.0,1005.7,0.0,ASSENTE
2026-02-19T17:26:33.064544,21.9,60.0,1005.7,0.0,ASSENTE
2026-02-19T17:26:35.091676,21.9,60.0,1005.7,0.0,ASSENTE
2026-02-19T17:26:37.126677,21.8,60.0,1005.7,0.0,ASSENTE
2026-02-19T17:26:39.159956,21.9,60.0,1005.7,0.0,ASSENTE
2026-02-19T17:26:41.391934,21.9,60.0,1005.7,0.0,ASSENTE
2026-02-19T17:26:43.395798,21.9,60.0,1005.7,0.0,ASSENTE
2026-02-19T17:26:45.397491,21.9,60.0,1005.7,0.0,ASSENTE
2026-02-19T17:26:47.400595,21.9,60.0,1005.7,0.0,ASSENTE
2026-02-19T17:26:49.401829,21.9,60.0,1005.7,0.0,ASSENTE
2026-02-19T17:26:51.403183,21.9,60.0,1005.7,0.0,ASSENTE
2026-02-19T17:26:53.405411,21.9,60.0,1005.7,0.0,ASSENTE
2026-02-19T17:26:55.407854,21.9,60.0,1005.7,0.0,ASSENTE
2026-02-19T17:26:57.410610,21.8,60.0,1005.7,0.0,ASSENTE
2026-02-19T17:26:59.426191,21.8,60.0,1005.7,0.0,ASSENTE
2026-02-19T17:27:01.457045,21.9,60.0,1005.7,0.0,ASSENTE
2026-02-19T17:27:03.475341,21.9,60.0,1005.7,0.0,ASSENTE
2026-02-19T17:27:05.509587,21.9,60.0,1005.7,0.0,ASSENTE
2026-02-19T17:27:07.541727,21.9,60.0,1005.7,0.0,ASSENTE
2026-02-19T17:27:09.570879,21.9,60.0,1005.7,0.0,ASSENTE
2026-02-19T17:27:11.598329,21.9,60.0,1005.7,0.0,ASSENTE
2026-02-19T17:27:13.624334,21.9,60.0,1005.7,0.0,ASSENTE
2026-02-19T17:27:15.656698,21.9,60.0,1005.7,0.0,ASSENTE
2026-02-19T17:27:17.683582,21.9,60.0,1005.7,0.0,ASSENTE
2026-02-19T17:27:19.712060,21.9,60.0,1005.7,0.0,ASSENTE
2026-02-19T17:27:21.726897,21.9,60.0,1005.7,0.0,ASSENTE
2026-02-19T17:27:23.762255,21.9,60.0,1005.7,0.0,ASSENTE
2026-02-19T17:27:25.793506,21.9,60.0,1005.7,0.0,ASSENTE
2026-02-19T17:27:27.821274,21.9,60.0,1005.7,0.0,ASSENTE
2026-02-19T17:27:29.848321,21.8,60.0,1005.7,0.0,ASSENTE
2026-02-19T17:27:31.875493,21.9,60.0,1005.7,0.0,ASSENTE
2026-02-19T17:27:33.903004,21.9,60.0,1005.7,0.0,ASSENTE
2026-02-19T17:27:35.930241,21.9,60.0,1005.7,0.0,ASSENTE
2026-02-19T17:27:37.957574,21.9,60.0,1005.7,0.0,ASSENTE
2026-02-19T17:27:39.985855,21.9,60.0,1005.7,0.0,ASSENTE
2026-02-19T17:27:42.173794,21.9,60.0,1005.7,0.0,ASSENTE
2026-02-19T17:27:44.180491,21.9,60.0,1005.7,0.0,ASSENTE
2026-02-19T17:27:46.182991,21.8,60.0,1005.7,0.0,ASSENTE
2026-02-19T17:27:48.185140,21.9,60.0,1005.7,0.0,ASSENTE
2026-02-19T17:27:50.186968,21.9,60.0,1005.7,0.0,ASSENTE
2026-02-19T17:27:52.188914,21.9,60.0,1005.7,0.0,ASSENTE
2026-02-19T17:27:54.191467,21.9,60.0,1005.7,0.0,ASSENTE
2026-02-19T17:27:56.196348,21.8,60.0,1005.7,0.0,ASSENTE
2026-02-19T17:27:58.219320,21.9,60.0,1005.7,0.0,ASSENTE
2026-02-19T17:28:00.259956,21.8,60.0,1005.7,0.0,ASSENTE
2026-02-19T17:28:02.282420,21.9,60.0,1005.7,0.0,ASSENTE
2026-02-19T17:28:04.302398,21.9,60.0,1005.7,0.0,ASSENTE
2026-02-19T17:28:06.340963,21.9,60.0,1005.7,0.0,ASSENTE
2026-02-19T17:28:08.369414,21.9,60.0,1005.7,0.0,ASSENTE
2026-02-19T17:28:10.396926,21.9,60.0,1005.7,0.0,ASSENTE
2026-02-19T17:28:12.424236,21.9,60.0,1005.7,0.0,ASSENTE
2026-02-19T17:28:14.441676,21.9,60.0,1005.7,0.0,ASSENTE
2026-02-19T17:28:16.476245,21.9,60.0,1005.7,0.0,ASSENTE
2026-02-19T17:28:18.506458,21.9,60.0,1005.7,0.0,ASSENTE
2026-02-19T17:28:20.532930,21.9,60.0,1005.7,0.0,ASSENTE
2026-02-19T17:28:22.561258,21.9,60.0,1005.7,0.0,ASSENTE
2026-02-19T17:28:24.581377,21.9,60.0,1005.7,0.0,ASSENTE
2026-02-19T17:28:26.602539,21.9,60.0,1005.7,0.0,ASSENTE
2026-02-19T17:28:28.641084,21.9,60.0,1005.7,0.0,ASSENTE
2026-02-19T17:28:30.670133,21.9,60.0,1005.7,0.0,ASSENTE
2026-02-19T17:28:32.684747,21.9,60.0,1005.7,0.0,ASSENTE
2026-02-19T17:28:34.729859,21.9,60.0,1005.7,0.0,ASSENTE
2026-02-19T17:28:36.745925,21.9,60.0,1005.7,0.0,ASSENTE
2026-02-19T17:28:38.773304,21.9,60.0,1005.7,0.0,ASSENTE
2026-02-19T17:28:40.809571,21.9,60.0,1005.7,0.0,ASSENTE
2026-02-19T17:28:43.018017,21.8,60.0,1005.7,0.0,ASSENTE
2026-02-19T17:28:45.022807,21.9,60.0,1005.7,0.0,ASSENTE
2026-02-19T17:28:47.024371,21.9,60.0,1005.7,0.0,ASSENTE
2026-02-19T17:28:49.026859,21.9,60.0,1005.7,0.0,ASSENTE
2026-02-19T17:28:51.029044,21.9,60.0,1005.7,0.0,ASSENTE
2026-02-19T17:28:53.030467,21.9,60.0,1005.7,0.0,ASSENTE
2026-02-19T17:28:55.031984,21.9,60.0,1005.7,0.0,ASSENTE
2026-02-19T17:28:57.035044,21.8,60.0,1005.7,0.0,ASSENTE
2026-02-19T17:28:59.048236,21.9,60.0,1005.7,0.0,ASSENTE
2026-02-19T17:36:39.273473,21.8,60.0,1005.7,0.0,ASSENTE
2026-02-19T17:36:41.276136,21.8,60.0,1005.7,0.0,ASSENTE
2026-02-19T17:36:43.277298,21.8,60.0,1005.7,0.0,ASSENTE
2026-02-19T17:36:47.281513,21.8,60.0,1005.7,0.0,ASSENTE
2026-02-19T17:36:49.284280,21.8,60.0,1005.7,0.0,ASSENTE
2026-02-19T17:36:51.286873,21.8,60.0,1005.7,0.0,ASSENTE
2026-02-19T17:36:53.290643,21.8,60.0,1005.7,0.0,ASSENTE
2026-02-19T17:36:55.292345,21.9,60.0,1005.7,0.0,ASSENTE
2026-02-19T17:36:57.295167,21.8,60.0,1005.7,0.0,ASSENTE
2026-02-19T17:36:59.297922,21.8,60.0,1005.7,0.0,ASSENTE
2026-02-19T17:37:01.299222,21.8,60.0,1005.7,0.0,ASSENTE
2026-02-19T17:37:03.301568,21.8,60.0,1005.7,0.0,ASSENTE
2026-02-19T17:37:05.304508,21.9,60.0,1005.7,0.0,ASSENTE
2026-02-19T17:37:07.306966,21.8,60.0,1005.7,0.0,ASSENTE
2026-02-19T17:37:09.309248,21.9,60.0,1005.7,0.0,ASSENTE
2026-02-19T17:37:11.311252,21.8,60.0,1005.7,0.0,ASSENTE
2026-02-19T17:37:13.313751,21.9,60.0,1005.7,0.0,ASSENTE
2026-02-19T17:37:15.316079,21.8,60.0,1005.7,0.0,ASSENTE
2026-02-19T17:37:17.318054,21.8,60.0,1005.7,0.0,ASSENTE
2026-02-19T17:37:19.320419,21.8,60.0,1005.7,0.0,ASSENTE
2026-02-19T17:37:21.321973,21.9,60.0,1005.7,0.0,ASSENTE
2026-02-19T17:37:23.323326,21.9,60.0,1005.7,0.0,ASSENTE
2026-02-19T17:37:25.325184,21.8,60.0,1005.7,0.0,ASSENTE
2026-02-19T17:37:27.327796,21.8,60.0,1005.7,0.0,ASSENTE
2026-02-19T17:37:29.330135,21.8,60.0,1005.7,0.0,ASSENTE
2026-02-19T17:39:18.323810,21.8,60.0,1005.7,0.0,ASSENTE
2026-02-19T17:39:20.326916,21.9,60.0,1005.7,0.0,ASSENTE
2026-02-19T17:39:22.329766,21.8,60.0,1005.7,0.0,ASSENTE
2026-02-19T17:39:24.332140,21.9,60.0,1005.7,0.0,ASSENTE
2026-02-19T17:39:26.333208,21.8,60.0,1005.7,0.0,ASSENTE
2026-02-19T17:39:28.336699,21.8,60.0,1005.7,0.0,ASSENTE
2026-02-19T17:39:30.338029,21.8,60.0,1005.7,0.0,ASSENTE
2026-02-19T17:39:32.340442,21.8,60.0,1005.7,0.0,ASSENTE
2026-02-19T17:39:34.342620,21.8,60.0,1005.7,0.0,ASSENTE
2026-02-19T17:39:36.354989,21.8,60.0,1005.7,0.0,ASSENTE
2026-02-19T17:39:38.379699,21.8,60.0,1005.7,0.0,ASSENTE
2026-02-19T17:39:40.415305,21.8,60.0,1005.7,0.0,ASSENTE
2026-02-19T17:39:42.430840,21.8,60.0,1005.7,0.0,ASSENTE
2026-02-19T17:39:44.471408,21.8,60.0,1005.7,0.0,ASSENTE
2026-02-19T17:40:48.416913,21.8,60.0,1005.7,0.0,ASSENTE
2026-02-19T17:40:50.432710,21.8,60.0,1005.7,0.0,ASSENTE
2026-02-19T17:40:52.435434,21.8,60.0,1005.7,0.0,ASSENTE
2026-02-19T17:40:54.436997,21.7,60.0,1005.7,0.0,ASSENTE
2026-02-19T17:40:56.439464,21.8,60.0,1005.7,0.0,ASSENTE
2026-02-19T17:40:58.441196,21.8,60.0,1005.7,0.0,ASSENTE
2026-02-19T17:41:00.443656,21.9,60.0,1005.7,0.0,ASSENTE
2026-02-19T17:41:02.445238,21.8,60.0,1005.7,0.0,ASSENTE
2026-02-19T17:41:04.476222,21.8,60.0,1005.7,0.0,ASSENTE
2026-02-19T17:41:06.500959,21.8,60.0,1005.7,0.0,ASSENTE
2026-02-19T17:41:08.532369,21.8,60.0,1005.7,0.0,ASSENTE
2026-02-19T17:41:10.557164,21.8,60.0,1005.7,0.0,ASSENTE
2026-02-19T17:41:12.579448,21.8,60.0,1005.7,0.0,ASSENTE
2026-02-19T17:41:14.611474,21.8,60.0,1005.7,0.0,ASSENTE
2026-02-19T17:41:16.642344,21.8,60.0,1005.7,0.0,ASSENTE
2026-02-19T17:41:18.670268,21.8,60.0,1005.7,0.0,ASSENTE
2026-02-19T17:48:05.183210,21.9,60.0,1005.7,0.0,ASSENTE
2026-02-19T17:48:07.196435,21.8,60.0,1005.7,0.0,ASSENTE
2026-02-19T17:48:09.199016,21.8,60.0,1005.7,0.0,ASSENTE
2026-02-19T17:48:11.200490,21.8,60.0,1005.7,0.0,ASSENTE
2026-02-19T17:48:13.202714,21.8,60.0,1005.7,0.0,ASSENTE
2026-02-19T17:48:15.205181,21.9,60.0,1005.7,0.0,ASSENTE
2026-02-19T17:48:17.207369,21.8,60.0,1005.7,0.0,ASSENTE
2026-02-19T17:48:19.209989,21.8,60.0,1005.7,0.0,ASSENTE
2026-02-19T17:48:21.241136,21.8,60.0,1005.7,0.0,ASSENTE
2026-02-19T17:48:23.268489,21.9,60.0,1005.7,0.0,ASSENTE
2026-02-19T17:48:25.287690,21.8,60.0,1005.7,0.0,ASSENTE
2026-02-19T17:48:27.323691,21.8,60.0,1005.7,0.0,ASSENTE
2026-02-19T17:48:29.348102,21.8,60.0,1005.7,0.0,ASSENTE
2026-02-19T17:48:31.366573,21.8,60.0,1005.7,0.0,ASSENTE
2026-02-19T17:48:33.404190,21.8,60.0,1005.7,0.0,ASSENTE
2026-02-19T17:48:35.433120,21.8,60.0,1005.7,0.0,ASSENTE
2026-02-19T17:48:37.458898,21.8,60.0,1005.7,0.0,ASSENTE
2026-02-19T17:48:39.487419,21.8,60.0,1005.7,0.0,ASSENTE
2026-02-19T17:48:41.508761,21.8,60.0,1005.7,0.0,ASSENTE
2026-02-19T17:48:43.531952,21.8,60.0,1005.7,0.0,ASSENTE
2026-02-19T17:48:45.564973,21.8,60.0,1005.7,0.0,ASSENTE
2026-02-19T17:48:47.595173,21.8,60.0,1005.7,0.0,ASSENTE
2026-02-19T17:53:53.952805,21.8,60.0,1005.7,0.0,ASSENTE
2026-02-19T17:53:55.961259,21.9,60.0,1005.7,0.0,ASSENTE
2026-02-19T17:53:57.963898,21.8,60.0,1005.7,0.0,ASSENTE
2026-02-19T17:53:59.967330,21.8,60.0,1005.7,0.0,ASSENTE
2026-02-19T17:54:01.969766,21.8,60.0,1005.7,0.0,ASSENTE
2026-02-19T17:54:03.971933,21.8,60.0,1005.7,0.0,ASSENTE
2026-02-19T17:54:05.973735,21.8,60.0,1005.7,0.0,ASSENTE
2026-02-19T17:54:07.977013,21.8,60.0,1005.7,0.0,ASSENTE
2026-02-19T17:54:09.997099,21.8,60.0,1005.7,0.0,ASSENTE
2026-02-19T17:54:12.030568,21.8,60.0,1005.7,0.0,ASSENTE
2026-02-19T17:54:14.048361,21.8,60.0,1005.7,0.0,ASSENTE
2026-02-19T17:54:16.083632,21.9,60.0,1005.7,0.0,ASSENTE
2026-02-19T17:54:18.102242,21.8,60.0,1005.7,0.0,ASSENTE
2026-02-19T17:54:20.139307,21.9,60.0,1005.7,0.0,ASSENTE
2026-02-19T17:54:22.157256,21.8,60.0,1005.7,0.0,ASSENTE
2026-02-19T17:54:24.193368,21.8,60.0,1005.7,0.0,ASSENTE
2026-02-19T17:54:26.211538,21.8,60.0,1005.7,0.0,ASSENTE
2026-02-19T17:54:28.248431,21.8,60.0,1005.7,0.0,ASSENTE
2026-02-19T17:54:30.272517,21.8,60.0,1005.7,0.0,ASSENTE
2026-02-19T17:54:32.295828,21.9,60.0,1005.7,0.0,ASSENTE
2026-02-19T17:54:34.330585,21.8,60.0,1005.7,0.0,ASSENTE
2026-02-19T17:54:36.358312,21.8,60.0,1005.7,0.0,ASSENTE
2026-02-19T17:54:38.386295,21.8,60.0,1005.7,0.0,ASSENTE
2026-02-19T17:54:40.411889,21.8,60.0,1005.7,0.0,ASSENTE
2026-02-19T17:54:42.429652,21.8,60.0,1005.7,0.0,ASSENTE
2026-02-19T17:54:44.463975,21.8,60.0,1005.7,0.0,ASSENTE
2026-02-19T17:54:46.494043,21.9,60.0,1005.7,0.0,ASSENTE
2026-02-19T17:54:48.515440,21.8,60.0,1005.7,0.0,ASSENTE
2026-02-19T17:54:50.549815,21.9,60.0,1005.7,0.0,ASSENTE
2026-02-19T17:54:52.575796,21.9,60.0,1005.7,0.0,ASSENTE
2026-02-19T17:54:54.770191,21.8,60.0,1005.7,0.0,ASSENTE
2026-02-19T17:54:56.774401,21.8,60.0,1005.7,0.0,ASSENTE
2026-02-19T17:54:58.777303,21.8,60.0,1005.7,0.0,ASSENTE
2026-02-19T17:55:00.779980,21.8,60.0,1005.7,0.0,ASSENTE
2026-02-19T17:55:02.782865,21.9,60.0,1005.7,0.0,ASSENTE
2026-02-19T17:55:04.785254,21.8,60.0,1005.7,0.0,ASSENTE
2026-02-19T17:55:06.787752,21.8,60.0,1005.7,0.0,ASSENTE
2026-02-19T17:55:08.796656,21.9,60.0,1005.7,0.0,ASSENTE
2026-02-19T17:55:10.814437,21.8,60.0,1005.7,0.0,ASSENTE
2026-02-19T17:55:12.852462,21.8,60.0,1005.7,0.0,ASSENTE
2026-02-19T17:55:14.879301,21.9,60.0,1005.7,0.0,ASSENTE
2026-02-19T17:55:16.903040,21.8,60.0,1005.7,0.0,ASSENTE
2026-02-19T17:55:18.931631,21.8,60.0,1005.7,0.0,ASSENTE
2026-02-19T17:55:20.947920,21.8,60.0,1005.7,0.0,ASSENTE
2026-02-19T17:55:22.988743,21.8,60.0,1005.7,0.0,ASSENTE
2026-02-19T17:55:25.014059,21.8,60.0,1005.7,0.0,ASSENTE
2026-02-19T17:55:27.030423,21.8,60.0,1005.7,0.0,ASSENTE
2026-02-19T17:55:29.062264,21.8,60.0,1005.7,0.0,ASSENTE
2026-02-19T17:55:31.098631,21.8,60.0,1005.7,0.0,ASSENTE
2026-02-19T17:55:33.125459,21.8,60.0,1005.7,0.0,ASSENTE
2026-02-19T17:55:35.145456,21.8,60.0,1005.7,0.0,ASSENTE
2026-02-19T17:55:37.175990,21.8,60.0,1005.7,0.0,ASSENTE
2026-02-19T17:55:39.205582,21.9,60.0,1005.7,0.0,ASSENTE
2026-02-19T17:55:41.225817,21.9,60.0,1005.7,0.0,ASSENTE
2026-02-19T17:55:43.258863,21.9,60.0,1005.7,0.0,ASSENTE
2026-02-19T17:55:45.290433,21.8,60.0,1005.7,0.0,ASSENTE
2026-02-19T17:55:47.307407,21.8,60.0,1005.7,0.0,ASSENTE
2026-02-19T17:55:49.340955,21.8,60.0,1005.7,0.0,ASSENTE
2026-02-19T17:55:51.372174,21.8,60.0,1005.7,0.0,ASSENTE
2026-02-19T17:55:53.396474,21.8,60.0,1005.7,0.0,ASSENTE
2026-02-19T17:55:55.648917,21.9,60.0,1005.7,0.0,ASSENTE
2026-02-19T17:55:57.662659,21.8,60.0,1005.7,0.0,ASSENTE
2026-02-19T17:55:59.665500,21.9,60.0,1005.7,0.0,ASSENTE
2026-02-19T17:56:01.668362,21.8,60.0,1005.7,0.0,ASSENTE
2026-02-19T17:56:03.670854,21.9,60.0,1005.7,0.0,ASSENTE
2026-02-19T17:56:05.674406,21.8,60.0,1005.7,0.0,ASSENTE
2026-02-19T17:56:07.676789,21.8,60.0,1005.7,0.0,ASSENTE
2026-02-19T17:56:09.678904,21.8,60.0,1005.7,0.0,ASSENTE
2026-02-19T17:56:11.681074,21.8,60.0,1005.7,0.0,ASSENTE
2026-02-19T17:56:13.683772,21.8,60.0,1005.7,0.0,ASSENTE
2026-02-19T17:56:15.705025,21.9,94.0,1005.7,0.0,ASSENTE
2026-02-19T17:56:17.721542,22.3,95.0,1005.7,0.0,ASSENTE
2026-02-19T17:56:19.759723,22.4,95.0,1005.7,0.0,ASSENTE
2026-02-19T17:56:21.777586,22.4,95.0,1005.7,0.0,ASSENTE
2026-02-19T17:56:23.815592,22.4,95.0,1005.7,0.0,ASSENTE
2026-02-19T17:56:25.828476,22.4,95.0,1005.7,0.0,ASSENTE
2026-02-19T17:56:27.857499,22.4,95.0,1005.7,0.0,ASSENTE
2026-02-19T17:56:29.892069,22.4,95.0,1005.7,0.0,ASSENTE
2026-02-19T17:56:31.924287,22.3,95.0,1005.7,0.0,ASSENTE
2026-02-19T17:56:33.952643,22.3,95.0,1005.7,0.0,ASSENTE
2026-02-19T17:56:35.973945,22.2,95.0,1005.7,0.0,ASSENTE
2026-02-19T17:56:38.006326,22.1,95.0,1005.7,0.0,ASSENTE
2026-02-19T17:56:40.034182,22.1,95.0,1005.7,0.0,ASSENTE
2026-02-19T17:56:42.058806,22.0,95.0,1005.7,0.0,ASSENTE
2026-02-19T17:56:44.089619,22.0,95.0,1005.7,0.0,ASSENTE
2026-02-19T17:56:46.109510,22.0,91.0,1005.7,0.0,ASSENTE
2026-02-19T17:56:48.140703,22.0,87.0,1005.7,0.0,ASSENTE
2026-02-19T17:56:50.161400,22.0,83.0,1005.7,0.0,ASSENTE
2026-02-19T17:56:52.190887,22.0,80.0,1005.7,0.0,ASSENTE
2026-02-19T17:56:54.224637,22.0,77.0,1005.7,0.0,ASSENTE
2026-02-19T17:56:56.427337,22.0,75.0,1005.7,0.0,ASSENTE
2026-02-19T17:56:58.431882,22.0,74.0,1005.7,0.0,ASSENTE
2026-02-19T17:57:00.434319,22.0,73.0,1005.7,0.0,ASSENTE
2026-02-19T17:57:02.435762,22.0,72.0,1005.7,0.0,ASSENTE
2026-02-19T17:57:04.438315,21.9,70.0,1005.7,0.0,ASSENTE
2026-02-19T17:57:06.440904,21.9,69.0,1005.7,0.0,ASSENTE
2026-02-19T17:57:08.444029,21.9,68.0,1005.7,0.0,ASSENTE
2026-02-19T17:57:10.446613,21.9,68.0,1005.7,0.0,ASSENTE
2026-02-19T17:57:12.466095,22.0,68.0,1005.7,0.0,ASSENTE
2026-02-19T17:57:14.498885,21.9,67.0,1005.7,0.0,ASSENTE
2026-02-19T17:57:16.525445,21.9,66.0,1005.7,0.0,ASSENTE
2026-02-19T17:57:18.547539,21.9,66.0,1005.7,0.0,ASSENTE
2026-02-19T17:57:20.580579,21.9,66.0,1005.7,0.0,ASSENTE
2026-02-19T17:57:22.608979,21.9,65.0,1005.7,0.0,ASSENTE
2026-02-19T17:57:24.624625,21.9,65.0,1005.7,0.0,ASSENTE
2026-02-19T17:57:26.656357,21.9,65.0,1005.7,0.0,ASSENTE
2026-02-19T17:57:28.691679,21.9,64.0,1005.7,0.0,ASSENTE
2026-02-19T17:57:30.709841,21.9,64.0,1005.7,0.0,ASSENTE
2026-02-19T17:57:32.745712,21.9,64.0,1005.7,0.0,ASSENTE
2026-02-19T17:57:34.773671,21.9,64.0,1005.7,0.0,ASSENTE
2026-02-19T17:57:36.787590,21.9,64.0,1005.7,0.0,ASSENTE
2026-02-19T17:57:38.829169,21.9,64.0,1005.7,0.0,ASSENTE
2026-02-19T17:57:40.850563,21.9,63.0,1005.7,0.0,ASSENTE
2026-02-19T17:57:42.878689,21.9,63.0,1005.7,0.0,ASSENTE
2026-02-19T17:57:44.904843,21.9,63.0,1005.7,0.0,ASSENTE
2026-02-19T17:57:46.938052,21.9,63.0,1005.7,0.0,ASSENTE
